rule,n_seeds,best_J_median,best_J_min,best_J_max,final_MI_median,final_MI_min,final_MI_max,final_energy_ratio_median,final_energy_ratio_min,final_energy_ratio_max,best_J_compute_median
EProp,2,-40.33045491163412,-40.370299404392576,-40.29061041887566,1.086537251860367,0.9593234267051978,1.2137510770155364,0.3981813643812799,0.39760088258789733,0.3987618461746624,186.5
RewardHebb,2,-21.395255875773653,-21.4306027998232,-21.35990895172411,0.6269315464554994,0.5319442462467521,0.7219188466642468,0.21171018873351438,0.21038935616668222,0.21303102130034657,185.0
REINFORCE,2,-102.0638990799821,-102.1212200510295,-102.0065781089347,1.1473434768553763,1.0841128872920611,1.2105740664186913,0.9985742102914823,0.996875123474788,1.0002732971081765,508.5
Oja,2,-103.46989097073276,-103.49160279697227,-103.44817914449324,2.155678783354833,1.9976273477937712,2.313730218915895,1.0194317273343483,1.0189342243367916,1.0199292303319047,82.0
