Comparison,Median_Diff,Diff_CI_Lo,Diff_CI_Hi,Cliffs_Delta,Interpretation
EProp vs Oja,2.137419987893135,1.6369497595131017,2.418685174294586,-1.0,Strong
EProp vs RewardHebb,0.3194493779423787,0.23899720620960274,0.3966581503474832,-0.5622222222222222,Strong
EProp vs REINFORCE,2.1374295443733926,1.7065499970512024,2.337402515439428,-1.0,Strong
